sample-id	input	filtered	percentage of input passed filter	denoised	merged	percentage of input merged	non-chimeric	percentage of input non-chimeric
#q2:types	numeric	numeric	numeric	numeric	numeric	numeric	numeric	numeric
SRR5377857	60361	52747	87.39	52540	50567	83.77	50066	82.94
SRR5377858	58188	50675	87.09	50478	48154	82.76	47681	81.94
SRR5377859	59470	52000	87.44	51753	49873	83.86	49586	83.38
SRR5377860	276133	244565	88.57	243966	233599	84.6	228721	82.83
SRR5377861	57602	49589	86.09	49364	47178	81.9	46607	80.91
SRR5377862	66124	58293	88.16	58117	55607	84.1	54783	82.85
SRR5377863	67489	58440	86.59	58211	55828	82.72	54947	81.42
SRR5377864	60690	52874	87.12	52652	50427	83.09	49260	81.17
SRR5377865	58436	50581	86.56	50413	48227	82.53	47606	81.47
SRR5377866	66827	59433	88.94	59237	57244	85.66	56347	84.32
SRR5377867	62576	54942	87.8	54685	52577	84.02	50942	81.41
SRR5377868	66632	59630	89.49	59418	56532	84.84	55937	83.95
SRR5377869	71782	62142	86.57	61865	58996	82.19	58056	80.88
SRR5377870	67975	60411	88.87	60273	58180	85.59	57621	84.77
SRR5377871	68746	60524	88.04	60272	55559	80.82	54982	79.98
SRR5377872	276700	243332	87.94	242913	233789	84.49	229534	82.95
SRR5377873	68642	60601	88.29	60326	58021	84.53	56888	82.88
SRR5377874	67589	59362	87.83	59123	56708	83.9	55871	82.66
SRR5377875	63542	55986	88.11	55742	53353	83.96	52706	82.95
SRR5377876	71915	63848	88.78	63597	60832	84.59	60020	83.46
SRR5377877	69966	60427	86.37	60194	57563	82.27	56697	81.04
SRR5377878	67165	59807	89.04	59557	57351	85.39	56550	84.2
SRR5377879	68066	60832	89.37	60643	59028	86.72	58426	85.84
SRR5377880	66781	58853	88.13	58633	56179	84.12	55517	83.13
SRR5377881	70450	64400	91.41	64091	62451	88.65	60657	86.1
SRR5377882	64736	57534	88.87	57201	55416	85.6	54795	84.64
SRR5377883	80697	65662	81.37	65387	59818	74.13	58821	72.89
SRR5377884	282711	246262	87.11	243158	234373	82.9	228785	80.93
SRR5377885	67084	58488	87.19	58299	56302	83.93	55563	82.83
SRR5377886	58219	51981	89.29	51688	49769	85.49	49155	84.43
SRR5377887	71532	62000	86.67	61756	59186	82.74	58444	81.7
SRR5377888	68687	60413	87.95	60199	57677	83.97	56797	82.69
SRR5377889	70359	62039	88.17	61858	60220	85.59	59534	84.61
SRR5377890	66947	60821	90.85	60613	59045	88.2	58192	86.92
SRR5377891	67084	49438	73.7	49219	44894	66.92	44470	66.29
SRR5377892	61825	55509	89.78	55343	49229	79.63	48752	78.85
SRR5377893	66194	57720	87.2	57549	55027	83.13	54427	82.22
SRR5377894	58958	52042	88.27	51823	49503	83.96	49071	83.23
SRR5377895	64235	55723	86.75	55487	53063	82.61	52345	81.49
SRR5377896	82258	72508	88.15	72240	66056	80.3	65048	79.08
SRR5377897	72369	64467	89.08	64198	57936	80.06	57034	78.81
SRR5377898	71963	63267	87.92	63009	56729	78.83	55867	77.63
SRR5377899	87208	78540	90.06	78218	72074	82.65	70276	80.58
SRR5377900	84942	75225	88.56	74933	68743	80.93	67722	79.73
SRR5377901	94687	85650	90.46	85385	75769	80.02	72473	76.54
SRR5377902	68035	60533	88.97	60205	53477	78.6	52543	77.23
SRR5377903	114407	100714	88.03	100300	89603	78.32	87618	76.58
SRR5377904	85062	75213	88.42	74969	69477	81.68	68358	80.36
SRR5377905	85252	76508	89.74	76143	68595	80.46	67356	79.01
SRR5377906	86830	77938	89.76	77680	72757	83.79	71423	82.26
SRR5377907	72665	63486	87.37	63204	55275	76.07	54199	74.59
SRR5377908	331969	298850	90.02	298187	267816	80.68	259842	78.27
SRR5377909	78234	69417	88.73	69186	64149	82	63039	80.58
SRR5377910	62991	55235	87.69	54953	48291	76.66	47461	75.35
SRR5377911	72458	63289	87.35	63064	57810	79.78	56834	78.44
SRR5377912	71877	61984	86.24	61728	56139	78.1	55325	76.97
SRR5377913	91160	72849	79.91	72595	65849	72.23	64709	70.98
SRR5377914	80926	69569	85.97	69320	61119	75.52	60227	74.42
SRR5377915	91029	81164	89.16	80856	72106	79.21	70607	77.57
SRR5377916	91324	78113	85.53	77823	67774	74.21	66690	73.03
SRR5377917	77771	68760	88.41	68483	60893	78.3	59930	77.06
SRR5377918	84714	75282	88.87	75009	69618	82.18	68235	80.55
SRR5377919	95706	83631	87.38	83389	74531	77.87	73234	76.52
SRR5377920	325725	287561	88.28	286775	251247	77.13	244335	75.01
SRR5377921	74366	63991	86.05	63737	56474	75.94	55359	74.44
SRR5377922	78195	68594	87.72	68371	60938	77.93	59885	76.58
SRR5377923	88855	75007	84.42	74732	66901	75.29	65637	73.87
SRR5377924	82033	72635	88.54	72403	66601	81.19	65715	80.11
SRR5377925	85961	73064	85	72825	65765	76.51	64629	75.18
SRR5377926	80236	69717	86.89	69390	65248	81.32	64065	79.85
SRR5377927	84968	74656	87.86	74399	67003	78.86	65731	77.36
SRR5377928	87424	75449	86.3	75136	68804	78.7	67428	77.13
SRR5377929	95540	85185	89.16	84864	79749	83.47	78247	81.9
SRR5377930	100607	87969	87.44	87653	77786	77.32	76243	75.78
SRR5377931	355368	309041	86.96	308285	270042	75.99	262546	73.88
SRR5377932	85515	74998	87.7	74710	66328	77.56	65044	76.06
SRR5377933	72426	63184	87.24	62929	56578	78.12	55385	76.47
SRR5377934	75267	73435	97.57	72810	34766	46.19	34007	45.18
SRR5377935	78124	68345	87.48	68112	60120	76.95	59059	75.6
SRR5377936	67474	59604	88.34	59363	54725	81.11	53808	79.75
SRR5377937	113336	100449	88.63	100012	89777	79.21	87684	77.37
SRR5377938	91516	80011	87.43	79798	65526	71.6	64225	70.18
SRR5377939	71821	64491	89.79	64138	58108	80.91	57072	79.46
SRR5377940	86886	77164	88.81	76858	69894	80.44	68566	78.91
SRR5377941	90954	78675	86.5	78367	71771	78.91	70266	77.25
SRR5377942	91854	82176	89.46	81933	73898	80.45	72299	78.71
SRR5377943	335779	295411	87.98	294788	257478	76.68	250038	74.47
SRR5377944	69112	57311	82.92	57035	51422	74.4	50646	73.28
SRR5377945	78084	68078	87.19	67706	62328	79.82	61192	78.37
SRR5377946	84010	73503	87.49	73204	64986	77.36	63644	75.76
SRR5377947	85842	74518	86.81	74222	68076	79.3	66928	77.97
SRR5377948	90648	80286	88.57	80047	71595	78.98	70152	77.39
SRR5377949	57073	49382	86.52	49136	45092	79.01	44511	77.99
SRR5377950	78767	67612	85.84	67360	59905	76.05	58949	74.84
SRR5377951	64588	56773	87.9	56500	51125	79.16	50483	78.16
SRR5377952	79679	69509	87.24	69231	62670	78.65	61485	77.17
SRR5377953	85010	74765	87.95	74357	67298	79.16	66110	77.77
SRR5377954	70827	61058	86.21	60872	56810	80.21	55762	78.73
SRR5377955	304279	264288	86.86	263501	231566	76.1	225376	74.07
SRR5377956	71251	62398	87.57	62115	57086	80.12	56125	78.77
SRR5377957	88252	78774	89.26	78403	71075	80.54	69517	78.77
SRR5377958	74856	66575	88.94	66342	61159	81.7	59570	79.58
SRR5377959	68332	60283	88.22	59983	53195	77.85	52228	76.43
SRR5377960	67713	60049	88.68	59775	54002	79.75	53205	78.57
SRR5377961	95813	84992	88.71	84699	76992	80.36	75428	78.72
SRR5377962	66794	59002	88.33	58737	52515	78.62	51702	77.41
SRR5377963	89759	79845	88.95	79519	70394	78.43	68813	76.66
SRR5377964	87778	75701	86.24	75456	66473	75.73	65048	74.11
SRR5377965	82063	74243	90.47	73937	68307	83.24	66340	80.84
SRR5377966	87861	76407	86.96	76106	69205	78.77	65528	74.58
SRR5377967	343574	302082	87.92	301475	261200	76.02	250430	72.89
SRR5377968	68983	60406	87.57	60178	53060	76.92	51951	75.31
SRR5377969	76414	68336	89.43	68111	62490	81.78	60837	79.61
SRR5377970	68334	62139	90.93	61818	58305	85.32	56604	82.83
SRR5377971	98169	86022	87.63	85750	75364	76.77	73586	74.96
SRR5377972	61602	53429	86.73	53165	46549	75.56	45761	74.28
SRR5377973	70912	63221	89.15	62929	57059	80.46	55895	78.82
SRR5377974	67946	60217	88.62	60016	54366	80.01	53166	78.25
SRR5377975	76054	66014	86.8	65758	60106	79.03	58812	77.33
SRR5377976	86820	78014	89.86	77732	70335	81.01	68669	79.09
SRR5377977	79773	71843	90.06	71463	67243	84.29	65761	82.44
SRR5377978	68938	59925	86.93	59678	53727	77.94	52840	76.65
SRR5377979	303734	269606	88.76	268800	233636	76.92	224673	73.97
SRR5377980	99224	87131	87.81	86794	75338	75.93	73748	74.32
SRR5377981	61517	51827	84.25	51525	43204	70.23	42482	69.06
SRR5377982	66029	57565	87.18	57303	51791	78.44	50909	77.1
SRR5377983	65888	59032	89.59	58749	52892	80.28	51746	78.54
SRR5377984	93088	84224	90.48	83965	75859	81.49	73913	79.4
SRR5377985	82181	73210	89.08	72826	62869	76.5	61027	74.26
SRR5377986	62786	56143	89.42	55861	50739	80.81	49788	79.3
SRR5377987	61557	53749	87.32	53515	48383	78.6	47532	77.22
SRR5377988	67587	59392	87.87	59069	54086	80.02	52792	78.11
SRR5377989	69550	59895	86.12	59702	54577	78.47	53632	77.11
SRR5377990	70456	62186	88.26	62025	54749	77.71	53665	76.17
SRR5377991	298374	259867	87.09	259324	223273	74.83	216487	72.56
SRR5377992	82519	74977	90.86	74653	67391	81.67	66169	80.19
SRR5377993	60773	54340	89.41	54012	49689	81.76	48665	80.08
SRR5377994	67977	61305	90.18	61062	56449	83.04	55221	81.23
SRR5377995	71969	65435	90.92	65120	57994	80.58	56639	78.7
SRR5377996	77677	69570	89.56	69320	62216	80.1	61008	78.54
SRR5377997	71829	64763	90.16	64528	55519	77.29	54350	75.67
SRR5377998	63250	55424	87.63	55228	50356	79.61	49204	77.79
SRR5377999	88458	79384	89.74	79000	72169	81.59	70702	79.93
SRR5378000	70194	63962	91.12	63651	58558	83.42	57288	81.61
SRR5378001	66541	60581	91.04	60270	53740	80.76	52828	79.39
SRR5378002	65814	59715	90.73	59523	54542	82.87	53520	81.32
SRR5378003	266405	241392	90.61	240903	209973	78.82	203900	76.54
SRR5378004	64708	57713	89.19	57416	53364	82.47	52317	80.85
SRR5378005	67596	58829	87.03	58515	54253	80.26	53245	78.77
SRR5378006	65889	57925	87.91	57677	50228	76.23	49181	74.64
SRR5378007	65360	57371	87.78	57142	52321	80.05	50978	78
SRR5378008	63821	57286	89.76	56998	51940	81.38	50900	79.75
SRR5378009	90390	78778	87.15	78477	68162	75.41	66332	73.38
SRR5378010	87245	72429	83.02	72069	62857	72.05	59130	67.77
SRR5378011	84746	75676	89.3	75319	66865	78.9	64527	76.14
SRR5378012	66160	57957	87.6	57734	52879	79.93	51983	78.57
SRR5378013	70465	61661	87.51	61420	54555	77.42	53462	75.87
SRR5378014	65184	56946	87.36	56709	49600	76.09	48723	74.75
SRR5378015	268733	235923	87.79	235293	204275	76.01	198511	73.87
SRR5378016	91282	79517	87.11	79170	74129	81.21	72722	79.67
SRR5378017	90298	76977	85.25	76620	68456	75.81	67197	74.42
SRR5378018	64576	57637	89.25	57343	53263	82.48	51647	79.98
SRR5378019	78596	68974	87.76	68704	62863	79.98	61595	78.37
SRR5378020	62229	54358	87.35	54121	49196	79.06	48360	77.71
SRR5378021	88662	79187	89.31	78875	72722	82.02	71193	80.3
SRR5378022	96663	84991	87.93	84663	71771	74.25	70017	72.43
SRR5378023	84735	74107	87.46	73767	67968	80.21	66732	78.75
SRR5378024	69416	61877	89.14	61645	57124	82.29	55924	80.56
SRR5378025	88859	76362	85.94	76097	67782	76.28	66281	74.59
SRR5378026	73481	65274	88.83	64945	59438	80.89	57483	78.23
SRR5378027	84699	73485	86.76	73155	63781	75.3	61776	72.94
SRR5378028	62395	56549	90.63	56356	51288	82.2	50095	80.29
SRR5378029	61816	55502	89.79	55176	49488	80.06	48736	78.84
SRR5378030	63578	56446	88.78	56073	51482	80.97	50659	79.68
SRR5378031	77667	68091	87.67	67791	56663	72.96	55405	71.34
SRR5378032	86591	75106	86.74	74845	66777	77.12	65021	75.09
SRR5378033	70606	60187	85.24	59873	52016	73.67	51002	72.23
SRR5378034	89716	80252	89.45	79965	70606	78.7	69048	76.96
SRR5378035	85502	74223	86.81	73950	67205	78.6	65529	76.64
SRR5378036	68169	61252	89.85	60987	54365	79.75	53069	77.85
SRR5378037	94302	83522	88.57	83224	74170	78.65	72640	77.03
SRR5378038	60045	54871	91.38	54659	47534	79.16	46587	77.59
SRR5378039	61147	55373	90.56	55169	47743	78.08	46976	76.82
SRR5378040	57733	51510	89.22	51294	45173	78.24	44318	76.76
SRR5378041	54100	48584	89.8	48353	43838	81.03	43093	79.65
SRR5378042	68677	62853	91.52	62565	58220	84.77	56940	82.91
SRR5378043	89492	77958	87.11	77606	68556	76.61	67013	74.88
SRR5378044	70161	61939	88.28	61694	54259	77.33	53090	75.67
SRR5378045	68460	60450	88.3	60224	52232	76.3	51033	74.54
SRR5378046	62620	55397	88.47	55155	47527	75.9	46725	74.62
SRR5378047	64539	58091	90.01	57835	51967	80.52	50514	78.27
SRR5378048	58994	53399	90.52	53145	47514	80.54	46622	79.03
SRR5378049	62840	57924	92.18	57720	51190	81.46	50200	79.89
SRR5378050	62191	55352	89	55125	48994	78.78	47796	76.85
SRR5378051	64189	59077	92.04	58848	51968	80.96	50972	79.41
SRR5378052	63945	57379	89.73	57131	51152	79.99	49177	76.91
SRR5378053	258468	232446	89.93	231875	203127	78.59	196563	76.05
SRR5378054	57547	53082	92.24	52854	47034	81.73	45887	79.74
SRR5378055	60019	53626	89.35	53477	47501	79.14	46466	77.42
SRR5378056	59806	53517	89.48	53304	46826	78.3	45919	76.78
SRR5378057	55758	50682	90.9	50454	45237	81.13	44418	79.66
SRR5378058	68710	62877	91.51	62580	57714	84	56510	82.24
SRR5378059	65956	57863	87.73	57656	50790	77.01	49980	75.78
SRR5378060	62349	55782	89.47	55555	47575	76.3	46604	74.75
SRR5378061	60420	54426	90.08	54220	47583	78.75	46631	77.18
SRR5378062	60888	51261	84.19	51073	44976	73.87	44046	72.34
SRR5378063	74003	65020	87.86	64761	55712	75.28	54682	73.89
SRR5378064	69445	62870	90.53	62658	55078	79.31	53938	77.67
SRR5378065	67259	60426	89.84	60180	53591	79.68	52469	78.01
SRR5378066	79354	70484	88.82	70270	62094	78.25	60877	76.72
SRR5378067	74016	66902	90.39	66628	60516	81.76	59209	79.99
SRR5378068	70835	63358	89.44	63085	55368	78.16	54490	76.93
SRR5378069	76289	69077	90.55	68846	60335	79.09	58915	77.23
SRR5378070	85207	76598	89.9	76322	68723	80.65	67158	78.82
SRR5378071	78172	69184	88.5	68940	61295	78.41	59882	76.6
SRR5378072	301291	269248	89.36	268693	239750	79.57	232705	77.24
SRR5382846	62741	56514	90.08	56251	50041	79.76	49043	78.17
SRR5382847	71168	63939	89.84	63683	57505	80.8	56562	79.48
SRR5382849	68233	60416	88.54	60162	53970	79.1	51295	75.18
SRR5382850	74653	66853	89.55	66524	59007	79.04	57958	77.64
SRR5382851	73827	65231	88.36	64984	56796	76.93	55528	75.21
SRR5382852	70426	61361	87.13	61035	53002	75.26	51768	73.51
SRR5382853	78577	70151	89.28	69896	62279	79.26	60886	77.49
SRR5382854	273945	244910	89.4	244291	213321	77.87	206743	75.47
SRR5382855	78274	70165	89.64	69955	62302	79.59	60885	77.78
SRR5382856	66373	58723	88.47	58512	51943	78.26	51006	76.85
SRR5382857	82511	72994	88.47	72751	65479	79.36	64133	77.73
SRR5382858	81941	71977	87.84	71768	63571	77.58	62142	75.84
SRR5382859	87286	71358	81.75	71050	61939	70.96	60616	69.45
SRR5382860	71916	63246	87.94	63041	56205	78.15	54912	76.36
SRR5382861	71797	63663	88.67	63420	56096	78.13	54689	76.17
SRR5382862	64674	55636	86.03	55397	47920	74.09	46865	72.46
SRR5382863	73944	65917	89.14	65671	57544	77.82	56259	76.08
SRR5382864	78618	70854	90.12	70580	64088	81.52	62665	79.71
SRR5382865	84173	74029	87.95	73755	65794	78.17	64495	76.62
SRR5382866	307630	274097	89.1	273358	244658	79.53	237177	77.1
SRR5382867	77403	69245	89.46	69047	62211	80.37	61014	78.83
SRR5382868	78349	66991	85.5	66781	58525	74.7	57193	73
SRR5382869	71297	62967	88.32	62710	56052	78.62	55185	77.4
SRR5382870	80210	71327	88.93	71078	63322	78.95	61776	77.02
SRR5382871	83648	72542	86.72	72259	63260	75.63	61755	73.83
SRR5382872	73850	64451	87.27	64201	58381	79.05	57298	77.59
SRR5382873	75929	66887	88.09	66643	59460	78.31	57957	76.33
SRR5382874	78848	69066	87.59	68774	61642	78.18	60269	76.44
SRR5382875	74361	66552	89.5	66243	59867	80.51	58317	78.42
SRR5382876	72252	64164	88.81	63897	56657	78.42	55395	76.67
SRR5382877	298072	261888	87.86	261293	233033	78.18	225298	75.59
SRR5382878	63409	56203	88.64	55975	48286	76.15	47348	74.67
SRR5382879	65438	57450	87.79	57184	49804	76.11	48771	74.53
SRR5382880	69104	60562	87.64	60300	52306	75.69	51315	74.26
SRR5382881	75678	67220	88.82	66947	59432	78.53	58110	76.79
SRR5382882	60396	54520	90.27	54263	48329	80.02	47518	78.68
SRR5382883	84987	73963	87.03	73755	64417	75.8	63001	74.13
SRR5382884	69641	62507	89.76	62271	55505	79.7	54381	78.09
SRR5382885	292961	259122	88.45	258278	230488	78.68	223516	76.3
SRR5382886	63187	54106	85.63	53936	47171	74.65	46184	73.09
SRR5382887	66713	58890	88.27	58705	52663	78.94	51415	77.07
SRR5382888	70824	62413	88.12	62161	54375	76.77	53152	75.05
SRR5382889	109555	97063	88.6	96784	87332	79.72	85331	77.89
SRR5382890	72660	65067	89.55	64872	56981	78.42	55753	76.73
SRR5382891	68979	58934	85.44	58766	51397	74.51	50097	72.63
SRR5382892	72498	63864	88.09	63622	55440	76.47	54241	74.82
SRR5382893	67996	59233	87.11	59035	52156	76.7	51046	75.07
SRR5382894	67452	56796	84.2	56495	49623	73.57	47839	70.92
SRR5382895	81354	71806	88.26	71631	64161	78.87	62627	76.98
SRR5382896	83644	73808	88.24	73571	65879	78.76	64290	76.86
SRR5382897	69305	61244	88.37	60938	54161	78.15	53033	76.52
SRR5382898	65312	58162	89.05	57936	52370	80.18	51269	78.5
SRR5382900	76022	67928	89.35	67649	60492	79.57	58997	77.61
SRR5382901	82899	75307	90.84	75001	68009	82.04	65967	79.58
SRR5382902	316588	279760	88.37	279143	245729	77.62	236482	74.7
SRR5382903	76271	67428	88.41	67183	58220	76.33	56691	74.33
SRR5382904	74408	67391	90.57	67179	59240	79.62	57676	77.51
SRR5382905	78517	70946	90.36	70728	63631	81.04	62278	79.32
SRR5382906	71168	62462	87.77	62241	54564	76.67	53280	74.87
SRR5382907	74413	65911	88.57	65680	57243	76.93	55683	74.83
SRR5382908	65981	59018	89.45	58824	52783	80	51417	77.93
SRR5382909	69836	62559	89.58	62234	55237	79.1	54034	77.37
SRR5382910	61732	54166	87.74	53975	47376	76.74	46220	74.87
SRR5382911	70167	63799	90.92	63622	54823	78.13	53286	75.94
SRR5382913	75354	67751	89.91	67501	60867	80.77	59225	78.6
SRR5382914	62225	55006	88.4	54836	47019	75.56	46029	73.97
SRR5382915	285386	254823	89.29	254227	226035	79.2	217917	76.36
SRR5382916	81686	72447	88.69	72212	65035	79.62	63310	77.5
SRR5382917	74701	66806	89.43	66620	59214	79.27	57287	76.69
SRR5382918	68855	59686	86.68	59462	52504	76.25	51090	74.2
SRR5382919	81648	72131	88.34	71875	63324	77.56	61636	75.49
SRR5382920	75348	66345	88.05	66128	57241	75.97	55640	73.84
SRR5382921	72327	63291	87.51	63051	54715	75.65	53365	73.78
SRR5382922	68789	60224	87.55	60014	52415	76.2	51019	74.17
SRR5382923	282234	247799	87.8	247273	216505	76.71	208645	73.93
SRR5382924	76067	69496	91.36	69292	62386	82.01	60446	79.46
SRR5382925	67905	60394	88.94	60135	54137	79.72	52818	77.78
SRR5382926	64185	57561	89.68	57288	51301	79.93	50086	78.03
SRR5382927	71707	64966	90.6	64685	59068	82.37	57659	80.41
SRR5382928	70782	64194	90.69	63946	57437	81.15	56225	79.43
SRR5382929	65487	59231	90.45	58987	52848	80.7	51391	78.48
SRR5382930	79793	72015	90.25	71782	63392	79.45	61610	77.21
SRR5382931	64622	59577	92.19	59335	52121	80.66	50877	78.73
SRR5382932	65714	60178	91.58	59941	54207	82.49	52804	80.35
SRR5382933	76271	67645	88.69	67513	64477	84.54	63871	83.74
SRR5382934	76748	63420	82.63	63161	52756	68.74	51993	67.75
SRR5382935	85978	77867	90.57	77658	69570	80.92	69018	80.27
SRR5382936	72727	63188	86.88	62972	51319	70.56	50927	70.02
SRR5382937	74264	65396	88.06	65226	55006	74.07	54224	73.02
SRR5382938	90549	82223	90.8	82072	75443	83.32	74988	82.81
SRR5382939	72348	63771	88.14	63607	54916	75.91	54309	75.07
SRR5382940	76633	66729	87.08	66549	55511	72.44	54415	71.01
SRR5382941	74867	63673	85.05	63502	52941	70.71	52452	70.06
SRR5382942	78089	68476	87.69	68335	61478	78.73	61071	78.21
SRR5382943	227475	198173	87.12	197815	166223	73.07	164362	72.25
SRR5382944	89325	80732	90.38	80511	76575	85.73	76316	85.44
SRR5382945	75108	65678	87.44	65538	58182	77.46	57991	77.21
SRR5382946	78938	70914	89.84	70801	61920	78.44	61252	77.6
SRR5382947	77370	69546	89.89	69386	56037	72.43	55543	71.79
SRR5382948	78976	70329	89.05	70133	64728	81.96	64531	81.71
SRR5382949	74113	66535	89.78	66413	57155	77.12	56474	76.2
SRR5382950	77042	65537	85.07	65303	57902	75.16	55813	72.44
SRR5382967	76676	66696	86.98	66536	56544	73.74	56056	73.11
SRR5382972	95778	83557	87.24	83308	80505	84.05	79039	82.52
SRR5382973	72529	62046	85.55	61779	54968	75.79	54218	74.75
SRR5382974	75746	66879	88.29	66740	62635	82.69	62459	82.46
SRR5382975	322006	269530	83.7	268301	232049	72.06	226119	70.22
SRR5382976	75821	66958	88.31	66800	55488	73.18	54877	72.38
SRR5382977	79258	64917	81.91	64769	57276	72.27	56640	71.46
SRR5382978	75355	67330	89.35	67115	55617	73.81	55194	73.25
SRR5382979	97313	75715	77.81	75556	64618	66.4	62671	64.4
SRR5382980	75697	66101	87.32	65946	54846	72.45	54450	71.93
SRR5382981	74494	63357	85.05	63190	54259	72.84	53699	72.09
SRR5382982	78493	71008	90.46	70835	61941	78.91	60537	77.12
SRR5382983	79519	70794	89.03	70602	64739	81.41	64320	80.89
SRR5382984	89128	80245	90.03	80052	67831	76.11	67046	75.22
SRR5382985	75407	63745	84.53	63509	52147	69.15	51615	68.45
SRR5382986	71349	55182	77.34	54992	46742	65.51	46596	65.31
SRR5382987	331469	283967	85.67	283453	240715	72.62	237944	71.78
SRR5382988	68879	59312	86.11	59155	50853	73.83	50448	73.24
SRR5382989	74571	63743	85.48	63580	52896	70.93	52229	70.04
SRR5382990	73394	64519	87.91	64339	54903	74.81	53479	72.87
SRR5382991	76966	65653	85.3	65457	53186	69.1	52687	68.45
SRR5382992	95667	86420	90.33	86281	74180	77.54	73479	76.81
SRR5382993	73922	64479	87.23	64354	55345	74.87	54899	74.27
SRR5382994	86547	75570	87.32	75435	67413	77.89	60645	70.07
SRR5382995	77062	70191	91.08	69992	57986	75.25	57352	74.42
SRR5382996	71100	62094	87.33	61856	50991	71.72	50187	70.59
SRR5382997	77747	70671	90.9	70501	63084	81.14	62654	80.59
SRR5382998	83915	74752	89.08	74553	65208	77.71	64281	76.6
SRR5382999	330819	289284	87.44	288839	243087	73.48	239795	72.49
SRR5383000	77893	69968	89.83	69730	57864	74.29	57096	73.3
SRR5383001	81492	73493	90.18	73268	69883	85.75	69708	85.54
SRR5383002	74067	65857	88.92	65643	55544	74.99	54949	74.19
SRR5383003	80081	65440	81.72	65276	54919	68.58	54458	68
SRR5383004	89875	62917	70.01	62714	51910	57.76	47740	53.12
SRR5383005	76143	68518	89.99	68298	58354	76.64	57756	75.85
SRR5383006	77275	66201	85.67	66035	54541	70.58	53756	69.56
SRR5383007	72741	65046	89.42	64803	53615	73.71	52846	72.65
SRR5383008	99972	92984	93.01	92802	88312	88.34	87631	87.66
SRR5383009	78837	69361	87.98	69211	58803	74.59	58272	73.91
SRR5383010	82589	67351	81.55	67176	55499	67.2	55095	66.71
SRR5383011	337269	297927	88.34	297534	252943	75	250164	74.17
SRR5383012	84580	75621	89.41	75496	69573	82.26	69286	81.92
SRR5383013	84080	77240	91.86	77061	69268	82.38	67759	80.59
SRR5383014	75794	65287	86.14	65133	54525	71.94	54051	71.31
SRR5383015	76608	69110	90.21	68954	62245	81.25	62055	81
SRR5383016	77455	67584	87.26	67433	55415	71.54	54014	69.74
SRR5383017	75788	67533	89.11	67381	57035	75.26	55840	73.68
SRR5383018	75804	74686	98.53	74140	32218	42.5	31512	41.57
SRR5383019	75156	68510	91.16	68391	62753	83.5	62087	82.61
SRR5383020	75930	67724	89.19	67572	58228	76.69	58029	76.42
SRR5383021	77272	68310	88.4	68165	59342	76.8	57681	74.65
SRR5383022	79473	70334	88.5	70154	61787	77.75	61175	76.98
SRR5383023	309590	272937	88.16	272420	225880	72.96	222339	71.82
SRR5383024	76124	67229	88.32	67072	56519	74.25	55893	73.42
SRR5383025	76418	67603	88.46	67453	57792	75.63	57373	75.08
SRR5383026	74165	66933	90.25	66791	56830	76.63	56583	76.29
SRR5383027	71389	62761	87.91	62551	53778	75.33	53376	74.77
SRR5383028	76237	67740	88.85	67450	58810	77.14	58372	76.57
SRR5383029	75328	65544	87.01	65333	54670	72.58	52599	69.83
SRR5383030	78303	69949	89.33	69768	64425	82.28	63817	81.5
SRR5383031	76910	67319	87.53	67092	59088	76.83	57359	74.58
SRR5383032	69340	61686	88.96	61537	52594	75.85	52039	75.05
SRR5383033	73630	60002	81.49	59886	51276	69.64	50942	69.19
SRR5383034	76413	66057	86.45	65942	55369	72.46	54255	71
SRR5383035	292958	254118	86.74	253660	210643	71.9	207552	70.85
SRR5383036	75646	67181	88.81	66953	58321	77.1	57427	75.92
SRR5383037	76784	66245	86.27	66006	57013	74.25	56020	72.96
SRR5383038	68310	59374	86.92	59204	50364	73.73	47582	69.66
SRR5383039	69848	59340	84.96	59178	50568	72.4	50161	71.81
SRR5383040	75928	62115	81.81	61916	52881	69.65	52662	69.36
SRR5383041	75251	64940	86.3	64656	55133	73.27	54443	72.35
SRR5383042	73809	66353	89.9	66135	61684	83.57	61469	83.28
SRR5383043	76752	63778	83.1	63560	54788	71.38	54263	70.7
SRR5383044	76523	66352	86.71	66117	58988	77.09	57445	75.07
SRR5383050	75999	67493	88.81	67274	59144	77.82	57774	76.02
SRR5383051	74357	64789	87.13	64588	55507	74.65	54980	73.94
SRR5383052	302774	265458	87.68	265030	224936	74.29	221103	73.03
SRR5383053	76357	67042	87.8	66787	60183	78.82	57491	75.29
SRR5383054	77283	66566	86.13	66378	57985	75.03	57220	74.04
SRR5383055	74909	64653	86.31	64473	55800	74.49	55109	73.57
SRR5383056	68916	60167	87.3	59921	47823	69.39	47337	68.69
SRR5383057	76615	67639	88.28	67377	57085	74.51	56811	74.15
SRR5383058	76072	64010	84.14	63757	54044	71.04	52925	69.57
SRR5383059	70835	60104	84.85	59907	52170	73.65	51273	72.38
SRR5383060	74879	64827	86.58	64624	55353	73.92	54754	73.12
SRR5383061	75724	65173	86.07	64808	53942	71.24	53597	70.78
SRR5383062	75172	65502	87.14	65270	55582	73.94	54836	72.95
SRR5383063	74869	64346	85.94	64161	52745	70.45	52321	69.88
SRR5383064	305770	263872	86.3	263545	218936	71.6	215621	70.52
SRR5383065	74795	64767	86.59	64637	56016	74.89	55646	74.4
SRR5383066	75200	65269	86.79	65074	57847	76.92	56922	75.69
SRR5383068	78219	67689	86.54	67485	60506	77.35	59973	76.67
SRR5383069	75411	67292	89.23	67126	64756	85.87	64650	85.73
SRR5383070	76197	67923	89.14	67674	61941	81.29	61276	80.42
SRR5383071	77468	68255	88.11	68089	63936	82.53	63802	82.36
SRR5383072	76711	68226	88.94	67981	59880	78.06	59691	77.81
SRR5383073	75167	66316	88.22	66134	62983	83.79	62853	83.62
SRR5383074	74768	66965	89.56	66727	59419	79.47	58923	78.81
SRR5383075	76288	67179	88.06	67014	57478	75.34	57271	75.07
SRR5383076	77876	73007	93.75	72861	65857	84.57	65561	84.19
SRR5383077	302105	265771	87.97	265364	233328	77.23	230815	76.4
SRR5383078	75999	65188	85.77	64936	54042	71.11	53824	70.82
SRR5383079	75270	66781	88.72	66565	62359	82.85	61882	82.21
SRR5383080	75707	66137	87.36	65936	52136	68.87	51765	68.38
SRR5383081	75461	66184	87.71	65994	59243	78.51	58751	77.86
SRR5383082	75815	64743	85.4	64461	54157	71.43	53631	70.74
SRR5383083	74166	65169	87.87	65001	52557	70.86	52300	70.52
SRR5383084	75208	63050	83.83	62882	52001	69.14	51449	68.41
SRR5383086	77351	67902	87.78	67754	58525	75.66	57976	74.95
SRR5383087	77679	65729	84.62	65578	55497	71.44	55302	71.19
SRR5383088	74109	67477	91.05	67350	66377	89.57	64772	87.4
SRR5383089	75210	64771	86.12	64569	53621	71.3	52673	70.03
SRR5383090	306773	264613	86.26	264212	228481	74.48	224987	73.34
SRR5383091	69758	61130	87.63	60932	53172	76.22	53030	76.02
SRR5383092	72322	65111	90.03	64964	53078	73.39	52918	73.17
SRR5383093	76772	71886	93.64	71753	69084	89.99	68842	89.67
SRR5383094	77509	70340	90.75	70214	67358	86.9	67167	86.66
SRR5383095	89741	77815	86.71	77650	65922	73.46	62594	69.75
SRR5383096	80094	73619	91.92	73492	70648	88.21	70401	87.9
SRR5383097	75556	67564	89.42	67385	55022	72.82	54756	72.47
SRR5383098	72881	59033	81	58855	49843	68.39	49642	68.11
SRR5383099	77496	67451	87.04	67265	61046	78.77	60539	78.12
SRR5383100	74578	67973	91.14	67749	62418	83.69	61296	82.19
SRR5383101	72861	65415	89.78	65261	50881	69.83	50679	69.56
SRR5383102	299156	266288	89.01	265891	228583	76.41	226235	75.62
SRR5383103	82781	73889	89.26	73703	68566	82.83	67677	81.75
SRR5383104	72691	65132	89.6	64952	56107	77.19	55548	76.42
SRR5383105	77289	68965	89.23	68699	59151	76.53	58868	76.17
SRR5383106	71052	62520	87.99	62352	45236	63.67	45146	63.54
SRR5383107	75297	67013	89	66865	60451	80.28	60283	80.06
SRR5383108	81020	73614	90.86	73499	49738	61.39	49209	60.74
SRR5383109	69671	64635	92.77	64469	54903	78.8	54386	78.06
SRR5383110	68890	60248	87.46	60059	51888	75.32	51622	74.93
SRR5383111	76220	72095	94.59	71963	62646	82.19	62354	81.81
SRR5383112	67862	61031	89.93	60850	53920	79.46	53490	78.82
SRR5383113	77584	69759	89.91	69602	56678	73.05	56512	72.84
SRR5383114	67137	61129	91.05	60944	54279	80.85	53351	79.47
SRR5383116	76468	65866	86.14	65686	54831	71.7	54189	70.86
SRR5383117	72197	60570	83.9	60448	51143	70.84	50815	70.38
SRR5383118	76262	34043	44.64	33948	27455	36	27063	35.49
SRR5383119	92174	83977	91.11	83852	77682	84.28	77216	83.77
SRR5383120	77312	69824	90.31	69710	55801	72.18	55530	71.83
SRR5383121	72526	60786	83.81	60655	49808	68.68	49573	68.35
SRR5383122	69929	64566	92.33	64475	56864	81.32	56650	81.01
SRR5383123	89737	80727	89.96	80609	66666	74.29	66432	74.03
SRR5383124	71652	63610	88.78	63518	52924	73.86	52526	73.31
SRR5383125	71021	60055	84.56	59918	49328	69.46	48906	68.86
SRR5383127	82771	70085	84.67	70006	61078	73.79	60832	73.49
SRR5383128	301932	262391	86.9	262051	218639	72.41	216583	71.73
SRR5383129	76886	70181	91.28	70057	59326	77.16	58884	76.59
SRR5383130	74214	68044	91.69	67853	64488	86.89	64372	86.74
SRR5383131	73859	62237	84.26	62015	51240	69.38	50711	68.66
SRR5383132	71846	65317	90.91	65201	57541	80.09	57204	79.62
SRR5383133	74441	69814	93.78	69640	64021	86	63384	85.15
SRR5383134	72501	41098	56.69	40926	35979	49.63	35900	49.52
SRR5383135	75571	66778	88.36	66564	55361	73.26	54345	71.91
SRR5383136	84808	72670	85.69	72511	62933	74.21	61452	72.46
SRR5383137	74443	68272	91.71	68127	57085	76.68	56299	75.63
SRR5383138	74525	64384	86.39	64176	51804	69.51	51019	68.46
SRR5383139	74598	68269	91.52	68058	58381	78.26	57730	77.39
SRR5383140	306098	277170	90.55	276765	237581	77.62	234258	76.53
SRR5383141	74989	65960	87.96	65757	56794	75.74	55890	74.53
SRR5383142	81072	70086	86.45	69832	60330	74.42	59404	73.27
SRR5383143	102983	90268	87.65	90085	73164	71.04	71838	69.76
SRR5383144	74966	63544	84.76	63257	52995	70.69	51807	69.11
SRR5383145	77524	68737	88.67	68512	57479	74.14	56624	73.04
SRR5383146	75291	65247	86.66	65063	53235	70.71	51948	69
SRR5383147	67419	59445	88.17	59221	50403	74.76	48925	72.57
SRR5383148	70458	61811	87.73	61518	51647	73.3	50705	71.96
SRR5383149	72004	63359	87.99	63073	52665	73.14	52033	72.26
SRR5383150	77867	70033	89.94	69732	61439	78.9	60335	77.48
SRR5383151	79399	69367	87.37	69152	59290	74.67	58442	73.61
SRR5383152	308682	272015	88.12	271591	229810	74.45	224752	72.81
SRR5383153	73641	65830	89.39	65622	59264	80.48	58003	78.76
SRR5383154	68884	59544	86.44	59372	47005	68.24	46526	67.54
SRR5383155	73006	65793	90.12	65592	56544	77.45	55341	75.8
SRR5383156	83196	71869	86.39	71655	60459	72.67	59431	71.43
SRR5383157	65470	56919	86.94	56748	47042	71.85	46581	71.15
SRR5383159	76402	68555	89.73	68352	59487	77.86	58565	76.65
SRR5383160	73842	64686	87.6	64460	53981	73.1	53235	72.09
SRR5383161	79521	68768	86.48	68496	57943	72.87	56904	71.56
SRR5383162	70900	63251	89.21	63042	53927	76.06	52952	74.69
SRR5383163	77291	64715	83.73	64496	54290	70.24	53509	69.23
SRR5383164	70968	62236	87.7	61990	52798	74.4	51949	73.2
SRR5383165	292091	253859	86.91	253432	215038	73.62	209888	71.86
SRR5383166	80022	70133	87.64	69885	60004	74.98	59290	74.09
SRR5383167	75390	67164	89.09	66978	54807	72.7	53703	71.23
SRR5383168	97487	86796	89.03	86538	75803	77.76	74185	76.1
SRR5383169	74112	64797	87.43	64605	52956	71.45	52272	70.53
SRR5383170	82856	73306	88.47	72990	61850	74.65	60963	73.58
SRR5383171	76435	67512	88.33	67218	56721	74.21	55895	73.13
SRR5383172	66720	57978	86.9	57727	47221	70.77	46388	69.53
SRR5383173	72847	63297	86.89	62977	53297	73.16	52280	71.77
SRR5383174	74669	66276	88.76	66106	53827	72.09	52277	70.01
SRR5383175	85547	77402	90.48	77074	66142	77.32	64788	75.73
SRR5383176	71936	61912	86.07	61697	52073	72.39	51350	71.38
SRR5383177	310758	274797	88.43	274330	227184	73.11	220581	70.98
SRR5383178	76106	67284	88.41	67051	55958	73.53	55159	72.48
SRR5383179	76378	66670	87.29	66374	55751	72.99	54805	71.75
SRR5383180	72254	67157	92.95	66978	60128	83.22	58703	81.25
SRR5383181	79977	72064	90.11	71816	57663	72.1	56317	70.42
SRR5383182	81291	71739	88.25	71464	63186	77.73	61425	75.56
SRR5383183	72911	65569	89.93	65362	57212	78.47	56308	77.23
SRR5383184	79091	69680	88.1	69485	58661	74.17	57430	72.61
SRR5383186	75313	66249	87.96	65953	55639	73.88	54816	72.78
SRR5383187	77056	70613	91.64	70386	60908	79.04	60091	77.98
SRR5383188	69357	59143	85.27	58860	48903	70.51	48049	69.28
SRR5383189	69386	60638	87.39	60369	50790	73.2	50138	72.26
SRR5383190	289275	256605	88.71	256069	215723	74.57	211136	72.99
SRR5383191	76949	67123	87.23	66860	56848	73.88	55927	72.68
SRR5383192	74387	65790	88.44	65580	55541	74.66	54639	73.45
SRR5383193	75931	67617	89.05	67464	59914	78.91	59066	77.79
SRR5383194	95733	70946	74.11	70689	56446	58.96	55313	57.78
SRR5383195	89668	78372	87.4	78107	65322	72.85	64352	71.77
SRR5383196	75917	67761	89.26	67538	54368	71.62	53267	70.16
SRR5383197	74434	65355	87.8	65057	55394	74.42	54528	73.26
SRR5383198	73072	66818	91.44	66586	56863	77.82	56322	77.08
SRR5383199	72382	63323	87.48	63060	52959	73.17	52032	71.89
SRR5383200	70463	61876	87.81	61612	52470	74.46	51868	73.61
SRR5383201	69405	62078	89.44	61880	53523	77.12	52565	75.74
SRR5383202	289635	257767	89	257375	221511	76.48	216845	74.87
SRR5383203	66226	59255	89.47	59016	50592	76.39	49869	75.3
SRR5383204	77880	70176	90.11	69997	59666	76.61	58364	74.94
SRR5383205	66655	58712	88.08	58447	47236	70.87	46568	69.86
SRR5383206	70559	63311	89.73	63096	54305	76.96	53572	75.93
SRR5383207	69300	62495	90.18	62363	53328	76.95	51995	75.03
SRR5383208	86595	77682	89.71	77448	65314	75.42	63947	73.85
SRR5383209	78097	59342	75.98	59115	48796	62.48	48056	61.53
SRR5383210	67320	59398	88.23	59191	48539	72.1	47957	71.24
SRR5383211	77042	71397	92.67	71170	63927	82.98	62245	80.79
SRR5383212	73806	67099	90.91	66875	60527	82.01	59724	80.92
SRR5383213	85475	69561	81.38	69326	57729	67.54	56677	66.31
SRR5383214	304687	271623	89.15	271155	240302	78.87	233508	76.64
SRR5383215	76477	66500	86.95	66251	54624	71.43	53960	70.56
SRR5383216	74945	67378	89.9	67228	56871	75.88	55851	74.52
SRR5383218	70602	61408	86.98	61131	51258	72.6	50280	71.22
SRR5383219	72727	64367	88.5	64135	54549	75.01	53738	73.89
SRR5383220	71788	60507	84.29	60354	51031	71.09	47210	65.76
SRR5383221	66975	60314	90.05	60133	48521	72.45	47818	71.4
SRR5383222	70436	63219	89.75	62955	53129	75.43	52496	74.53
SRR5383223	69942	61771	88.32	61570	50621	72.38	50037	71.54
SRR5383224	77604	69174	89.14	68915	59093	76.15	57871	74.57
SRR5383225	73093	64671	88.48	64334	54383	74.4	53509	73.21
SRR5383226	77753	67295	86.55	67019	56028	72.06	54833	70.52
SRR5383227	298438	262902	88.09	262453	219329	73.49	213968	71.7
SRR5383228	78816	70828	89.87	70615	60227	76.41	59396	75.36
SRR5383229	87191	78766	90.34	78571	69217	79.39	66957	76.79
SRR5383230	73759	65436	88.72	65251	57306	77.69	56525	76.63
SRR5383231	78365	65413	83.47	65218	56022	71.49	55233	70.48
SRR5383232	96725	87305	90.26	87104	77710	80.34	76070	78.65
SRR5383233	76717	67813	88.39	67580	55913	72.88	54930	71.6
SRR5383234	77983	69581	89.23	69395	60569	77.67	59657	76.5
SRR5383235	85540	63616	74.37	63358	53452	62.49	52886	61.83
SRR5383236	67297	60225	89.49	59997	50254	74.67	49556	73.64
SRR5383237	70956	62438	88	62201	52669	74.23	51948	73.21
SRR5383238	75482	67254	89.1	66996	54694	72.46	53926	71.44
SRR5383239	282130	251481	89.14	251024	209162	74.14	204178	72.37
SRR5383240	71263	63514	89.13	63289	53383	74.91	52763	74.04
SRR5383241	78035	67831	86.92	67605	57217	73.32	56283	72.13
SRR5383243	70218	61795	88	61572	50379	71.75	49779	70.89
SRR5383244	73084	62597	85.65	62370	51845	70.94	51187	70.04
SRR5383245	78452	62850	80.11	62614	53837	68.62	52795	67.3
SRR5383246	80069	69439	86.72	69266	58004	72.44	57155	71.38
SRR5383247	68831	60020	87.2	59727	50105	72.79	49221	71.51
SRR5383248	76084	64629	84.94	64391	54137	71.15	53515	70.34
SRR5383249	73480	63304	86.15	63130	53324	72.57	52734	71.77
SRR5383250	71126	63654	89.49	63396	54688	76.89	54116	76.08
SRR5383251	80282	69927	87.1	69598	59211	73.75	58405	72.75
SRR5383252	295811	258907	87.52	258393	215409	72.82	211672	71.56
SRR5383253	85183	77484	90.96	77285	71950	84.47	71303	83.71
SRR5383254	67737	59341	87.61	59142	53628	79.17	52845	78.01
SRR5383255	66094	57644	87.22	57411	48326	73.12	47663	72.11
SRR5383256	73306	64814	88.42	64623	54867	74.85	53976	73.63
SRR5383257	72153	56793	78.71	56499	47745	66.17	47210	65.43
SRR5383258	74856	64717	86.46	64512	53943	72.06	52952	70.74
SRR5383259	72909	61386	84.2	61158	51308	70.37	50691	69.53
SRR5383260	84100	75218	89.44	74968	61642	73.3	60700	72.18
SRR5383261	71187	61641	86.59	61371	51601	72.49	51115	71.8
SRR5383262	72884	65381	89.71	65124	56265	77.2	55506	76.16
SRR5383263	71201	62562	87.87	62335	53729	75.46	53031	74.48
SRR5383264	286151	249482	87.19	248913	208003	72.69	202797	70.87
SRR5383265	65996	57366	86.92	57156	54949	83.26	54417	82.45
SRR5383266	68916	61158	88.74	60934	59198	85.9	58479	84.86
SRR5383267	64801	56163	86.67	55970	53761	82.96	53151	82.02
SRR5383269	71034	61956	87.22	61760	58382	82.19	57575	81.05
SRR5383270	59300	49763	83.92	49609	46677	78.71	46270	78.03
SRR5383271	65881	58149	88.26	57573	55253	83.87	54411	82.59
SRR5383272	62287	55244	88.69	55098	53479	85.86	52731	84.66
SRR5383273	65011	57296	88.13	57046	54660	84.08	53992	83.05
SRR5383274	70261	61465	87.48	61171	50914	72.46	50277	71.56
SRR5383275	69830	59317	84.94	59125	49658	71.11	49089	70.3
SRR5383276	71199	63039	88.54	62760	53701	75.42	52944	74.36
SRR5383277	64346	55545	86.32	55393	51959	80.75	51481	80.01
SRR5383278	58477	48835	83.51	48689	46522	79.56	45932	78.55
SRR5383279	66605	57303	86.03	57060	54560	81.92	53864	80.87
SRR5383280	61180	52951	86.55	52774	50327	82.26	49649	81.15
SRR5383281	67052	58919	87.87	58704	56912	84.88	56437	84.17
SRR5383282	69372	60709	87.51	60530	57900	83.46	57374	82.7
SRR5383283	58743	50286	85.6	50059	47789	81.35	47374	80.65
SRR5383284	63295	54456	86.04	54283	52090	82.3	51543	81.43
SRR5383285	65753	58582	89.09	58398	56969	86.64	56519	85.96
SRR5383286	70455	61042	86.64	60748	58090	82.45	57227	81.22
SRR5383287	60232	51344	85.24	51133	48786	81	48203	80.03
SRR5383288	60292	51462	85.35	51266	49124	81.48	48582	80.58
SRR5383289	256994	220771	85.91	219910	211791	82.41	207694	80.82
SRR5383290	65873	57413	87.16	57200	55174	83.76	54368	82.53
SRR5383291	66788	58680	87.86	58444	56251	84.22	55493	83.09
SRR5383292	68036	58868	86.52	58617	55489	81.56	54595	80.24
SRR5383293	70236	62747	89.34	62584	60577	86.25	59222	84.32
SRR5383294	69085	60829	88.05	60632	58427	84.57	57620	83.4
SRR5383295	63514	55259	87	55024	52577	82.78	51731	81.45
SRR5383296	64215	57258	89.17	57043	55202	85.96	54705	85.19
SRR5383298	65478	57725	88.16	57494	55317	84.48	54698	83.54
SRR5383299	76531	65714	85.87	65440	62517	81.69	61669	80.58
SRR5383300	65940	58633	88.92	58494	53315	80.85	51006	77.35
SRR5383301	69036	60723	87.96	60453	58031	84.06	57191	82.84
SRR5383302	274285	238927	87.11	238560	225797	82.32	220060	80.23
SRR5383303	65197	57714	88.52	57546	55513	85.15	54645	83.82
SRR5383304	66265	58929	88.93	58734	56499	85.26	55632	83.95
SRR5383305	84811	75406	88.91	75204	72679	85.7	71656	84.49
SRR5383306	78911	68249	86.49	68001	64799	82.12	63870	80.94
SRR5383307	81632	70963	86.93	70765	68143	83.48	67031	82.11
SRR5383308	73151	64460	88.12	64293	61770	84.44	60789	83.1
SRR5383309	75540	66613	88.18	66435	63808	84.47	62888	83.25
SRR5383310	60981	51718	84.81	51499	49234	80.74	48517	79.56
SRR5383311	77846	70136	90.1	69926	67569	86.8	66724	85.71
SRR5383312	73114	65649	89.79	65416	62691	85.74	61637	84.3
SRR5383313	66889	58206	87.02	58026	55884	83.55	55396	82.82
SRR5383314	298139	262407	88.01	261898	253285	84.96	248164	83.24
SRR5383315	76723	68556	89.36	68363	66556	86.75	65213	85
SRR5383316	76925	64740	84.16	64495	62122	80.76	60712	78.92
SRR5383317	77487	67289	86.84	67008	64482	83.22	63403	81.82
SRR5383318	76879	68120	88.61	67896	65082	84.66	64174	83.47
SRR5383320	77371	71017	91.79	70838	68367	88.36	66587	86.06
SRR5383321	80126	69030	86.15	68842	65997	82.37	63967	79.83
SRR5383322	59540	52897	88.84	52723	50807	85.33	50388	84.63
SRR5383323	94674	83660	88.37	83367	80838	85.39	79271	83.73
SRR5383324	83985	73512	87.53	73309	70901	84.42	68123	81.11
SRR5383325	72177	61650	85.42	61295	58772	81.43	58005	80.36
SRR5383326	83273	71123	85.41	70882	67954	81.6	67019	80.48
SRR5383327	321070	278290	86.68	277839	267687	83.37	260612	81.17
SRR5383328	70506	61791	87.64	61620	57124	81.02	55900	79.28
SRR5383329	67749	59846	88.33	59615	57423	84.76	56675	83.65
SRR5383330	71357	64418	90.28	64215	62331	87.35	61529	86.23
SRR5383331	69242	62481	90.24	62229	59880	86.48	59138	85.41
SRR5383332	75062	66516	88.61	66298	62864	83.75	61541	81.99
SRR5383333	70141	64119	91.41	63926	62233	88.73	61234	87.3
SRR5383334	75199	66215	88.05	65993	63519	84.47	62517	83.14
SRR5383335	73527	65295	88.8	65039	62732	85.32	61975	84.29
SRR5383336	75160	67898	90.34	67672	65745	87.47	64550	85.88
SRR5383337	59740	54266	90.84	54085	49751	83.28	49156	82.28
SRR5383338	70418	61915	87.92	61649	59053	83.86	57613	81.82
SRR5383339	295645	264235	89.38	262550	253650	85.8	248103	83.92
SRR5383340	69771	61529	88.19	61325	58526	83.88	57762	82.79
SRR5383342	72922	62827	86.16	62593	59664	81.82	58846	80.7
SRR5383343	70497	60895	86.38	60548	57424	81.46	56480	80.12
SRR5383344	66791	57738	86.45	57525	55245	82.71	54530	81.64
SRR5383345	75507	66117	87.56	65963	63050	83.5	62016	82.13
SRR5383346	74820	64784	86.59	64447	62205	83.14	60854	81.33
SRR5383347	65026	57154	87.89	56952	55093	84.72	54748	84.19
SRR5383348	64489	55848	86.6	55637	53448	82.88	52941	82.09
SRR5383349	81660	71020	86.97	70733	68190	83.5	67160	82.24
SRR5383350	74852	66193	88.43	65931	63635	85.01	62875	84
SRR5383351	78434	68413	87.22	68207	65623	83.67	64790	82.6
SRR5383352	299377	262542	87.7	262151	252821	84.45	247877	82.8
SRR5383353	70691	61941	87.62	61732	59803	84.6	59119	83.63
SRR5383354	56953	48386	84.96	48191	45863	80.53	45689	80.22
SRR5383355	65766	59427	90.36	59256	57331	87.17	56784	86.34
SRR5383356	69399	60202	86.75	59961	57131	82.32	56626	81.59
SRR5383357	69774	60810	87.15	60582	58104	83.27	57528	82.45
SRR5383358	59008	51327	86.98	51163	48378	81.99	47823	81.04
SRR5383359	60724	52865	87.06	52646	50538	83.23	50077	82.47
SRR5383361	62814	54729	87.13	54570	52592	83.73	52101	82.94
SRR5383362	70298	63248	89.97	63091	61189	87.04	60013	85.37
SRR5383363	65126	55866	85.78	55697	53451	82.07	52712	80.94
SRR5383364	73346	64946	88.55	64729	62561	85.3	61753	84.19
SRR5383365	267999	235696	87.95	235229	227270	84.8	222474	83.01
SRR5383366	62910	54478	86.6	54323	51763	82.28	51026	81.11
SRR5383367	63414	55945	88.22	55723	53607	84.53	53057	83.67
SRR5383368	83565	72233	86.44	72058	68431	81.89	67528	80.81
SRR5383369	61139	55110	90.14	54939	52945	86.6	52548	85.95
SRR5383370	59724	52886	88.55	52595	50680	84.86	50148	83.97
SRR5383371	66453	58664	88.28	58414	56251	84.65	55356	83.3
SRR5383372	66097	56387	85.31	56142	53640	81.15	52705	79.74
SRR5383373	66944	57555	85.97	57327	54908	82.02	54378	81.23
SRR5383374	70183	60206	85.78	60026	57915	82.52	57257	81.58
SRR5383375	63556	56302	88.59	56068	53789	84.63	53071	83.5
SRR5383376	68077	58228	85.53	58028	55581	81.64	54868	80.6
SRR5383377	258579	224215	86.71	223738	215408	83.3	211351	81.74
SRR5383378	59564	53019	89.01	52766	50646	85.03	50062	84.05
SRR5383379	61662	53653	87.01	53458	51199	83.03	50425	81.78
SRR5383387	59089	53269	90.15	53064	51216	86.68	50655	85.73
SRR5383388	68919	61843	89.73	61617	59217	85.92	58630	85.07
SRR5383389	59793	48863	81.72	48663	46300	77.43	45839	76.66
SRR5383390	64526	57737	89.48	57442	55002	85.24	54478	84.43
SRR5383391	75195	64974	86.41	64753	62183	82.7	61366	81.61
SRR5383392	77701	69167	89.02	68912	64733	83.31	63601	81.85
SRR7876528	83767	79169	94.51	79040	78517	93.73	77324	92.31
SRR7876529	203243	188207	92.6	188004	184860	90.96	177206	87.19
SRR7876530	148278	138485	93.4	138312	137083	92.45	135524	91.4
SRR7876531	63660	56130	88.17	55965	54889	86.22	53777	84.48
SRR7876532	116626	109687	94.05	109596	108860	93.34	98539	84.49
SRR7876533	43288	40520	93.61	40433	40025	92.46	39922	92.22
SRR7876534	176856	162152	91.69	162035	159630	90.26	152534	86.25
SRR7876535	129075	119590	92.65	119406	117639	91.14	114451	88.67
SRR7876536	40503	36169	89.3	36070	35391	87.38	32935	81.31
SRR7876537	130643	126510	96.84	126300	125740	96.25	124478	95.28
SRR7876538	52286	46923	89.74	46837	46524	88.98	45919	87.82
SRR7876539	123260	115987	94.1	115871	114792	93.13	108890	88.34
SRR7876540	73255	66360	90.59	66225	65370	89.24	62969	85.96
SRR7876541	67586	61489	90.98	61450	60897	90.1	60410	89.38
SRR7876542	133881	124882	93.28	122898	119964	89.6	118653	88.63
SRR7876543	19516	17772	91.06	17718	17452	89.42	16897	86.58
SRR7876544	47876	42312	88.38	42210	41633	86.96	40958	85.55
SRR7876545	39158	36953	94.37	36850	36534	93.3	36115	92.23
SRR7876546	77300	66740	86.34	66544	65958	85.33	64372	83.28
SRR7876547	155668	145007	93.15	144926	144081	92.56	143553	92.22
SRR7876548	162121	152944	94.34	152714	151223	93.28	144264	88.99
SRR7876549	116248	109553	94.24	109415	108785	93.58	104198	89.63
SRR7876550	129397	120982	93.5	120855	119439	92.3	116509	90.04
SRR7876551	89625	83895	93.61	83754	83260	92.9	82885	92.48
SRR7876552	147459	134150	90.97	133944	132798	90.06	122738	83.24
SRR7876553	44102	41898	95	41759	41329	93.71	39291	89.09
SRR7876554	264056	245905	93.13	245695	242579	91.87	233073	88.27
SRR7876555	139	122	87.77	92	74	53.24	69	49.64
SRR7876556	86488	81892	94.69	81750	81121	93.79	79415	91.82
SRR7876557	16965	15664	92.33	15608	15438	91	14985	88.33
SRR7876558	72397	67104	92.69	67054	66272	91.54	65061	89.87
SRR7876559	91886	86351	93.98	86261	84886	92.38	81875	89.1
SRR7876560	103956	96015	92.36	95928	94380	90.79	92210	88.7
SRR7876561	75054	69188	92.18	69066	68534	91.31	61019	81.3
SRR7876562	84501	77153	91.3	77061	75762	89.66	70287	83.18
SRR7876563	123295	115048	93.31	114997	114300	92.7	112625	91.35
SRR7876564	224681	210872	93.85	210642	208840	92.95	198627	88.4
SRR7876565	53838	49569	92.07	49480	49016	91.04	46628	86.61
SRR7876566	73283	67395	91.97	67219	66151	90.27	64804	88.43
SRR7876567	107688	99480	92.38	99297	98184	91.17	95248	88.45
SRR7876568	248332	225587	90.84	225399	223599	90.04	214815	86.5
SRR7876569	82069	73847	89.98	73690	72652	88.53	70622	86.05
SRR7876570	93058	85231	91.59	85037	83649	89.89	80779	86.81
SRR7876571	251640	236942	94.16	236766	235108	93.43	226019	89.82
SRR7876572	84342	79365	94.1	79226	78455	93.02	75328	89.31
SRR7876573	212621	200377	94.24	200224	198924	93.56	195552	91.97
SRR7876574	28516	25115	88.07	25033	24601	86.27	22322	78.28
SRR7876575	63088	55201	87.5	55092	54187	85.89	52102	82.59
SRR7876576	258244	239085	92.58	238978	237804	92.09	233340	90.36
SRR7876577	16223	15014	92.55	14966	14696	90.59	14696	90.59
SRR7876578	289889	273238	94.26	273145	271934	93.81	253396	87.41
SRR7876579	159004	146983	92.44	146737	145511	91.51	140127	88.13
SRR7876580	57988	53217	91.77	53076	52428	90.41	45864	79.09
SRR7876581	142131	129950	91.43	129837	129398	91.04	126125	88.74
SRR7876582	53345	49704	93.17	49625	49157	92.15	48131	90.23
SRR7876583	91050	83889	92.14	83704	82841	90.98	77377	84.98
SRR7876584	306753	285677	93.13	285397	281180	91.66	276467	90.13
SRR7876585	41589	38214	91.88	38079	37402	89.93	33940	81.61
SRR7876586	101887	93545	91.81	93423	92316	90.61	91438	89.74
SRR7876587	253677	228001	89.88	227662	225286	88.81	208098	82.03
SRR7876588	76201	70612	92.67	70522	69749	91.53	65675	86.19
SRR7876589	356770	332046	93.07	331714	328049	91.95	306420	85.89
SRR7876590	94568	88271	93.34	88135	87482	92.51	85978	90.92
SRR7876591	145165	133719	92.12	133649	133074	91.67	131155	90.35
SRR7876592	93365	83898	89.86	83813	83045	88.95	80681	86.41
SRR7876593	107931	97253	90.11	97110	95594	88.57	89807	83.21
SRR7876594	39151	36065	92.12	35990	35618	90.98	35525	90.74
SRR7876595	12920	11741	90.87	11654	11363	87.95	11302	87.48
SRR7876596	195524	185607	94.93	185494	184929	94.58	179363	91.73
SRR7876597	27545	25278	91.77	25207	24933	90.52	24334	88.34
SRR7876598	103846	95849	92.3	95709	94501	91	90514	87.16
SRR7876599	120840	109261	90.42	109093	108137	89.49	103266	85.46
SRR7876600	22296	20816	93.36	20775	20531	92.08	19716	88.43
SRR7876601	39049	34947	89.5	34754	34204	87.59	31916	81.73
SRR7876602	95599	90232	94.39	90069	89607	93.73	84152	88.03
SRR7876603	39136	36706	93.79	36616	36053	92.12	33023	84.38
SRR7876604	64150	59929	93.42	59832	59200	92.28	57051	88.93
SRR7876605	277130	272323	98.27	272201	270995	97.79	267066	96.37
SRR7876606	158887	144889	91.19	144574	142534	89.71	138469	87.15
SRR7876607	72609	67588	93.08	67415	66561	91.67	65301	89.94
SRR7876608	840580	773438	92.01	772799	761777	90.63	747430	88.92
SRR7876609	36835	34056	92.46	33925	33518	90.99	31531	85.6
SRR7876610	23393	20802	88.92	20683	20386	87.15	19293	82.47
SRR7876611	135885	123591	90.95	123467	121547	89.45	114552	84.3
SRR7876612	32183	30158	93.71	30124	29828	92.68	28679	89.11
SRR7876613	145408	132740	91.29	132535	130336	89.63	124436	85.58
SRR7876614	196765	184567	93.8	184488	183368	93.19	178375	90.65
SRR7876615	29193	27389	93.82	27341	26950	92.32	26165	89.63
SRR7876616	100466	93179	92.75	93117	92385	91.96	89133	88.72
SRR7876617	127157	121460	95.52	121398	120844	95.04	116895	91.93
SRR7876618	225105	208031	92.42	207844	205806	91.43	202555	89.98
SRR7876619	20330	19419	95.52	19327	19152	94.21	18799	92.47
SRR7876620	148349	139578	94.09	139451	138084	93.08	135973	91.66
SRR7876621	159319	147384	92.51	147168	145673	91.43	141725	88.96
SRR7876622	108457	100655	92.81	100459	99003	91.28	97199	89.62
SRR7876623	143119	134141	93.73	133954	132974	92.91	128238	89.6
SRR7876624	135763	124615	91.79	124548	123808	91.19	120596	88.83
SRR7876625	56127	52558	93.64	52341	51809	92.31	50664	90.27
SRR7876626	167371	156845	93.71	156727	155209	92.73	152948	91.38
SRR7876627	186371	173929	93.32	173799	172584	92.6	168871	90.61
SRR7876628	473399	439097	92.75	438710	432920	91.45	418526	88.41
SRR7876629	106217	97671	91.95	97472	96102	90.48	91225	85.89
SRR7876630	179415	167495	93.36	167247	166425	92.76	159873	89.11
SRR7876631	295146	272750	92.41	272619	269479	91.3	264355	89.57
SRR7876632	139569	129912	93.08	129617	128456	92.04	124714	89.36
SRR7876633	322415	296830	92.06	296661	293287	90.97	273257	84.75
SRR7876634	125259	117348	93.68	117113	115609	92.3	112565	89.87
SRR7876635	236065	220244	93.3	220111	218896	92.73	212144	89.87
SRR7876636	22119	20684	93.51	20629	20384	92.16	18286	82.67
SRR7876637	168800	154778	91.69	154567	151670	89.85	146231	86.63
SRR7876638	243074	224764	92.47	224620	222897	91.7	208879	85.93
SRR7876639	106679	98939	92.74	98828	97721	91.6	96646	90.6
SRR7876640	113506	105564	93	105451	104583	92.14	101335	89.28
SRR7876641	280405	260854	93.03	260624	257424	91.8	248449	88.6
SRR7876642	174759	161687	92.52	161528	159984	91.55	154496	88.41
SRR7876643	67815	63449	93.56	63367	62898	92.75	61681	90.95
SRR7876644	20928	19039	90.97	18991	18693	89.32	18193	86.93
SRR7876645	39212	31526	80.4	31433	31149	79.44	30649	78.16
SRR7876646	53205	48933	91.97	48807	48283	90.75	47075	88.48
SRR7876647	239363	219766	91.81	219619	218232	91.17	210649	88
SRR7876648	81787	77938	95.29	77863	77338	94.56	75079	91.8
SRR7876649	97799	91554	93.61	91340	90315	92.35	87370	89.34
SRR7876650	75880	69958	92.2	69775	68925	90.83	67139	88.48
SRR7876651	58817	52932	89.99	52825	52117	88.61	49992	85
